Sujet,Groupe,Source,Tours,Erreurs
15,jeune,simulation,13,4
1015,vieux,simulation,24,15
16,jeune,simulation,14,5
1016,vieux,simulation,24,15
17,jeune,simulation,10,1
1017,vieux,simulation,21,12
18,jeune,simulation,14,5
1018,vieux,simulation,28,19
19,jeune,simulation,13,4
1019,vieux,simulation,21,12
20,jeune,simulation,13,4
1020,vieux,simulation,25,16
21,jeune,simulation,12,3
1021,vieux,simulation,25,16
22,jeune,simulation,12,3
1022,vieux,simulation,25,16
23,jeune,simulation,12,3
1023,vieux,simulation,23,14
24,jeune,simulation,11,2
1024,vieux,simulation,24,15
25,jeune,simulation,12,3
1025,vieux,simulation,20,11
26,jeune,simulation,12,3
1026,vieux,simulation,24,15
27,jeune,simulation,12,3
1027,vieux,simulation,23,14
28,jeune,simulation,12,3
1028,vieux,simulation,20,11
29,jeune,simulation,12,3
1029,vieux,simulation,18,9
30,jeune,simulation,12,3
1030,vieux,simulation,27,18
31,jeune,simulation,12,3
1031,vieux,simulation,24,15
32,jeune,simulation,12,3
1032,vieux,simulation,24,15
33,jeune,simulation,15,6
1033,vieux,simulation,19,10
34,jeune,simulation,14,5
1034,vieux,simulation,19,10
35,jeune,simulation,14,5
1035,vieux,simulation,26,17
36,jeune,simulation,13,4
1036,vieux,simulation,23,14
37,jeune,simulation,12,3
1037,vieux,simulation,18,9
38,jeune,simulation,13,4
1038,vieux,simulation,30,21
39,jeune,simulation,14,5
1039,vieux,simulation,25,16
40,jeune,simulation,9,0
1040,vieux,simulation,21,12
41,jeune,simulation,13,4
1041,vieux,simulation,22,13
42,jeune,simulation,13,4
1042,vieux,simulation,28,19
43,jeune,simulation,12,3
1043,vieux,simulation,24,15
44,jeune,simulation,14,5
1044,vieux,simulation,25,16
45,jeune,simulation,11,2
1045,vieux,simulation,26,17
46,jeune,simulation,11,2
1046,vieux,simulation,27,18
47,jeune,simulation,12,3
1047,vieux,simulation,18,9
48,jeune,simulation,13,4
1048,vieux,simulation,19,10
49,jeune,simulation,14,5
1049,vieux,simulation,23,14
50,jeune,simulation,15,6
1050,vieux,simulation,24,15
51,jeune,simulation,13,4
1051,vieux,simulation,26,17
52,jeune,simulation,11,2
1052,vieux,simulation,21,12
53,jeune,simulation,15,6
1053,vieux,simulation,29,20
54,jeune,simulation,13,4
1054,vieux,simulation,20,11
55,jeune,simulation,13,4
1055,vieux,simulation,22,13
56,jeune,simulation,13,4
1056,vieux,simulation,22,13
57,jeune,simulation,11,2
1057,vieux,simulation,31,22
58,jeune,simulation,12,3
1058,vieux,simulation,30,21
59,jeune,simulation,12,3
1059,vieux,simulation,31,22
60,jeune,simulation,14,5
1060,vieux,simulation,24,15
61,jeune,simulation,13,4
1061,vieux,simulation,20,11
62,jeune,simulation,12,3
1062,vieux,simulation,23,14
63,jeune,simulation,15,6
1063,vieux,simulation,21,12
64,jeune,simulation,14,5
1064,vieux,simulation,27,18
65,jeune,simulation,12,3
1065,vieux,simulation,23,14
66,jeune,simulation,14,5
1066,vieux,simulation,24,15
67,jeune,simulation,13,4
1067,vieux,simulation,22,13
68,jeune,simulation,15,6
1068,vieux,simulation,25,16
69,jeune,simulation,12,3
1069,vieux,simulation,26,17
70,jeune,simulation,13,4
1070,vieux,simulation,24,15
71,jeune,simulation,14,5
1071,vieux,simulation,22,13
72,jeune,simulation,14,5
1072,vieux,simulation,23,14
73,jeune,simulation,15,6
1073,vieux,simulation,24,15
74,jeune,simulation,12,3
1074,vieux,simulation,25,16
75,jeune,simulation,14,5
1075,vieux,simulation,24,15
76,jeune,simulation,14,5
1076,vieux,simulation,28,19
77,jeune,simulation,13,4
1077,vieux,simulation,17,8
78,jeune,simulation,15,6
1078,vieux,simulation,21,12
79,jeune,simulation,12,3
1079,vieux,simulation,21,12
80,jeune,simulation,13,4
1080,vieux,simulation,25,16
81,jeune,simulation,12,3
1081,vieux,simulation,21,12
82,jeune,simulation,15,6
1082,vieux,simulation,23,14
83,jeune,simulation,12,3
1083,vieux,simulation,28,19
84,jeune,simulation,12,3
1084,vieux,simulation,25,16
85,jeune,simulation,13,4
1085,vieux,simulation,27,18
86,jeune,simulation,15,6
1086,vieux,simulation,21,12
87,jeune,simulation,12,3
1087,vieux,simulation,24,15
88,jeune,simulation,12,3
1088,vieux,simulation,26,17
89,jeune,simulation,15,6
1089,vieux,simulation,27,18
90,jeune,simulation,14,5
1090,vieux,simulation,22,13
91,jeune,simulation,11,2
1091,vieux,simulation,24,15
92,jeune,simulation,14,5
1092,vieux,simulation,26,17
93,jeune,simulation,12,3
1093,vieux,simulation,28,19
94,jeune,simulation,13,4
1094,vieux,simulation,25,16
95,jeune,simulation,12,3
1095,vieux,simulation,22,13
96,jeune,simulation,13,4
1096,vieux,simulation,16,7
97,jeune,simulation,10,1
1097,vieux,simulation,21,12
98,jeune,simulation,12,3
1098,vieux,simulation,29,20
99,jeune,simulation,13,4
1099,vieux,simulation,18,9
100,jeune,simulation,12,3
1100,vieux,simulation,22,13
101,jeune,simulation,13,4
1101,vieux,simulation,25,16
102,jeune,simulation,12,3
1102,vieux,simulation,22,13
103,jeune,simulation,13,4
1103,vieux,simulation,24,15
104,jeune,simulation,12,3
1104,vieux,simulation,24,15
105,jeune,simulation,12,3
1105,vieux,simulation,31,22
106,jeune,simulation,12,3
1106,vieux,simulation,20,11
107,jeune,simulation,16,7
1107,vieux,simulation,23,14
108,jeune,simulation,11,2
1108,vieux,simulation,21,12
109,jeune,simulation,14,5
1109,vieux,simulation,21,12
110,jeune,simulation,14,5
1110,vieux,simulation,23,14
111,jeune,simulation,13,4
1111,vieux,simulation,22,13
112,jeune,simulation,13,4
1112,vieux,simulation,19,10
113,jeune,simulation,11,2
1113,vieux,simulation,22,13
114,jeune,simulation,11,2
1114,vieux,simulation,21,12
115,jeune,simulation,12,3
1115,vieux,simulation,23,14
116,jeune,simulation,13,4
1116,vieux,simulation,20,11
117,jeune,simulation,14,5
1117,vieux,simulation,27,18
118,jeune,simulation,13,4
1118,vieux,simulation,20,11
119,jeune,simulation,13,4
1119,vieux,simulation,21,12
120,jeune,simulation,13,4
1120,vieux,simulation,24,15
121,jeune,simulation,13,4
1121,vieux,simulation,23,14
122,jeune,simulation,12,3
1122,vieux,simulation,29,20
123,jeune,simulation,14,5
1123,vieux,simulation,20,11
124,jeune,simulation,12,3
1124,vieux,simulation,26,17
125,jeune,simulation,13,4
1125,vieux,simulation,24,15
126,jeune,simulation,13,4
1126,vieux,simulation,23,14
127,jeune,simulation,13,4
1127,vieux,simulation,26,17
128,jeune,simulation,11,2
1128,vieux,simulation,28,19
129,jeune,simulation,12,3
1129,vieux,simulation,23,14
130,jeune,simulation,13,4
1130,vieux,simulation,21,12
131,jeune,simulation,11,2
1131,vieux,simulation,19,10
132,jeune,simulation,13,4
1132,vieux,simulation,26,17
133,jeune,simulation,12,3
1133,vieux,simulation,20,11
134,jeune,simulation,14,5
1134,vieux,simulation,22,13
135,jeune,simulation,14,5
1135,vieux,simulation,26,17
136,jeune,simulation,16,7
1136,vieux,simulation,27,18
137,jeune,simulation,12,3
1137,vieux,simulation,22,13
138,jeune,simulation,15,6
1138,vieux,simulation,27,18
139,jeune,simulation,11,2
1139,vieux,simulation,25,16
140,jeune,simulation,14,5
1140,vieux,simulation,24,15
141,jeune,simulation,12,3
1141,vieux,simulation,20,11
142,jeune,simulation,14,5
1142,vieux,simulation,24,15
143,jeune,simulation,16,7
1143,vieux,simulation,24,15
144,jeune,simulation,11,2
1144,vieux,simulation,27,18
145,jeune,simulation,14,5
1145,vieux,simulation,15,6
146,jeune,simulation,15,6
1146,vieux,simulation,24,15
147,jeune,simulation,12,3
1147,vieux,simulation,22,13
148,jeune,simulation,13,4
1148,vieux,simulation,28,19
149,jeune,simulation,13,4
1149,vieux,simulation,25,16
150,jeune,simulation,13,4
1150,vieux,simulation,22,13
151,jeune,simulation,11,2
1151,vieux,simulation,26,17
152,jeune,simulation,11,2
1152,vieux,simulation,17,8
153,jeune,simulation,12,3
1153,vieux,simulation,20,11
154,jeune,simulation,12,3
1154,vieux,simulation,22,13
155,jeune,simulation,15,6
1155,vieux,simulation,22,13
156,jeune,simulation,15,6
1156,vieux,simulation,27,18
157,jeune,simulation,13,4
1157,vieux,simulation,22,13
158,jeune,simulation,12,3
1158,vieux,simulation,28,19
159,jeune,simulation,15,6
1159,vieux,simulation,22,13
160,jeune,simulation,14,5
1160,vieux,simulation,23,14
161,jeune,simulation,12,3
1161,vieux,simulation,15,6
162,jeune,simulation,12,3
1162,vieux,simulation,20,11
163,jeune,simulation,10,1
1163,vieux,simulation,24,15
164,jeune,simulation,14,5
1164,vieux,simulation,28,19
165,jeune,simulation,13,4
1165,vieux,simulation,19,10
166,jeune,simulation,14,5
1166,vieux,simulation,26,17
167,jeune,simulation,13,4
1167,vieux,simulation,21,12
168,jeune,simulation,13,4
1168,vieux,simulation,24,15
169,jeune,simulation,12,3
1169,vieux,simulation,21,12
170,jeune,simulation,12,3
1170,vieux,simulation,28,19
171,jeune,simulation,13,4
1171,vieux,simulation,24,15
172,jeune,simulation,13,4
1172,vieux,simulation,25,16
173,jeune,simulation,13,4
1173,vieux,simulation,25,16
174,jeune,simulation,13,4
1174,vieux,simulation,27,18
175,jeune,simulation,13,4
1175,vieux,simulation,22,13
176,jeune,simulation,11,2
1176,vieux,simulation,23,14
177,jeune,simulation,10,1
1177,vieux,simulation,20,11
178,jeune,simulation,13,4
1178,vieux,simulation,26,17
179,jeune,simulation,14,5
1179,vieux,simulation,26,17
180,jeune,simulation,13,4
1180,vieux,simulation,26,17
181,jeune,simulation,13,4
1181,vieux,simulation,28,19
182,jeune,simulation,14,5
1182,vieux,simulation,21,12
183,jeune,simulation,12,3
1183,vieux,simulation,20,11
184,jeune,simulation,13,4
1184,vieux,simulation,20,11
185,jeune,simulation,14,5
1185,vieux,simulation,27,18
186,jeune,simulation,10,1
1186,vieux,simulation,24,15
187,jeune,simulation,12,3
1187,vieux,simulation,26,17
188,jeune,simulation,14,5
1188,vieux,simulation,22,13
189,jeune,simulation,14,5
1189,vieux,simulation,25,16
190,jeune,simulation,13,4
1190,vieux,simulation,18,9
191,jeune,simulation,11,2
1191,vieux,simulation,24,15
192,jeune,simulation,14,5
1192,vieux,simulation,24,15
193,jeune,simulation,15,6
1193,vieux,simulation,25,16
194,jeune,simulation,14,5
1194,vieux,simulation,21,12
195,jeune,simulation,14,5
1195,vieux,simulation,27,18
196,jeune,simulation,11,2
1196,vieux,simulation,26,17
197,jeune,simulation,14,5
1197,vieux,simulation,26,17
198,jeune,simulation,12,3
1198,vieux,simulation,24,15
199,jeune,simulation,14,5
1199,vieux,simulation,24,15
200,jeune,simulation,13,4
1200,vieux,simulation,22,13
201,jeune,simulation,12,3
1201,vieux,simulation,22,13
202,jeune,simulation,13,4
1202,vieux,simulation,27,18
203,jeune,simulation,14,5
1203,vieux,simulation,22,13
204,jeune,simulation,13,4
1204,vieux,simulation,29,20
205,jeune,simulation,14,5
1205,vieux,simulation,20,11
206,jeune,simulation,12,3
1206,vieux,simulation,31,22
207,jeune,simulation,11,2
1207,vieux,simulation,23,14
208,jeune,simulation,14,5
1208,vieux,simulation,26,17
209,jeune,simulation,10,1
1209,vieux,simulation,22,13
210,jeune,simulation,14,5
1210,vieux,simulation,27,18
211,jeune,simulation,11,2
1211,vieux,simulation,21,12
212,jeune,simulation,15,6
1212,vieux,simulation,22,13
213,jeune,simulation,13,4
1213,vieux,simulation,20,11
214,jeune,simulation,13,4
1214,vieux,simulation,29,20
215,jeune,simulation,12,3
1215,vieux,simulation,26,17
216,jeune,simulation,13,4
1216,vieux,simulation,22,13
217,jeune,simulation,11,2
1217,vieux,simulation,19,10
218,jeune,simulation,15,6
1218,vieux,simulation,21,12
219,jeune,simulation,14,5
1219,vieux,simulation,27,18
220,jeune,simulation,13,4
1220,vieux,simulation,27,18
221,jeune,simulation,12,3
1221,vieux,simulation,23,14
222,jeune,simulation,13,4
1222,vieux,simulation,22,13
223,jeune,simulation,14,5
1223,vieux,simulation,28,19
224,jeune,simulation,13,4
1224,vieux,simulation,19,10
225,jeune,simulation,12,3
1225,vieux,simulation,21,12
226,jeune,simulation,13,4
1226,vieux,simulation,25,16
227,jeune,simulation,12,3
1227,vieux,simulation,17,8
228,jeune,simulation,13,4
1228,vieux,simulation,25,16
229,jeune,simulation,12,3
1229,vieux,simulation,23,14
230,jeune,simulation,14,5
1230,vieux,simulation,21,12
231,jeune,simulation,12,3
1231,vieux,simulation,28,19
232,jeune,simulation,12,3
1232,vieux,simulation,20,11
233,jeune,simulation,14,5
1233,vieux,simulation,27,18
234,jeune,simulation,15,6
1234,vieux,simulation,26,17
235,jeune,simulation,12,3
1235,vieux,simulation,24,15
236,jeune,simulation,15,6
1236,vieux,simulation,18,9
237,jeune,simulation,13,4
1237,vieux,simulation,26,17
238,jeune,simulation,13,4
1238,vieux,simulation,30,21
239,jeune,simulation,12,3
1239,vieux,simulation,18,9
240,jeune,simulation,14,5
1240,vieux,simulation,26,17
241,jeune,simulation,12,3
1241,vieux,simulation,28,19
242,jeune,simulation,12,3
1242,vieux,simulation,25,16
243,jeune,simulation,11,2
1243,vieux,simulation,24,15
244,jeune,simulation,11,2
1244,vieux,simulation,23,14
245,jeune,simulation,14,5
1245,vieux,simulation,21,12
246,jeune,simulation,11,2
1246,vieux,simulation,23,14
247,jeune,simulation,11,2
1247,vieux,simulation,27,18
248,jeune,simulation,12,3
1248,vieux,simulation,29,20
249,jeune,simulation,12,3
1249,vieux,simulation,28,19
250,jeune,simulation,14,5
1250,vieux,simulation,21,12
251,jeune,simulation,12,3
1251,vieux,simulation,28,19
252,jeune,simulation,12,3
1252,vieux,simulation,20,11
253,jeune,simulation,13,4
1253,vieux,simulation,26,17
254,jeune,simulation,11,2
1254,vieux,simulation,18,9
255,jeune,simulation,12,3
1255,vieux,simulation,22,13
256,jeune,simulation,13,4
1256,vieux,simulation,30,21
257,jeune,simulation,13,4
1257,vieux,simulation,22,13
258,jeune,simulation,14,5
1258,vieux,simulation,25,16
259,jeune,simulation,14,5
1259,vieux,simulation,23,14
260,jeune,simulation,15,6
1260,vieux,simulation,26,17
261,jeune,simulation,14,5
1261,vieux,simulation,26,17
262,jeune,simulation,11,2
1262,vieux,simulation,25,16
263,jeune,simulation,11,2
1263,vieux,simulation,22,13
264,jeune,simulation,13,4
1264,vieux,simulation,27,18
265,jeune,simulation,14,5
1265,vieux,simulation,24,15
266,jeune,simulation,10,1
1266,vieux,simulation,23,14
267,jeune,simulation,12,3
1267,vieux,simulation,21,12
268,jeune,simulation,14,5
1268,vieux,simulation,28,19
269,jeune,simulation,11,2
1269,vieux,simulation,29,20
270,jeune,simulation,14,5
1270,vieux,simulation,19,10
271,jeune,simulation,14,5
1271,vieux,simulation,25,16
272,jeune,simulation,9,0
1272,vieux,simulation,21,12
273,jeune,simulation,13,4
1273,vieux,simulation,24,15
274,jeune,simulation,11,2
1274,vieux,simulation,23,14
275,jeune,simulation,13,4
1275,vieux,simulation,22,13
276,jeune,simulation,13,4
1276,vieux,simulation,27,18
277,jeune,simulation,14,5
1277,vieux,simulation,24,15
278,jeune,simulation,11,2
1278,vieux,simulation,25,16
279,jeune,simulation,12,3
1279,vieux,simulation,18,9
280,jeune,simulation,14,5
1280,vieux,simulation,25,16
281,jeune,simulation,11,2
1281,vieux,simulation,23,14
282,jeune,simulation,12,3
1282,vieux,simulation,28,19
283,jeune,simulation,14,5
1283,vieux,simulation,21,12
284,jeune,simulation,14,5
1284,vieux,simulation,26,17
285,jeune,simulation,13,4
1285,vieux,simulation,25,16
286,jeune,simulation,12,3
1286,vieux,simulation,25,16
287,jeune,simulation,14,5
1287,vieux,simulation,23,14
288,jeune,simulation,11,2
1288,vieux,simulation,23,14
289,jeune,simulation,13,4
1289,vieux,simulation,22,13
290,jeune,simulation,13,4
1290,vieux,simulation,23,14
291,jeune,simulation,13,4
1291,vieux,simulation,23,14
292,jeune,simulation,13,4
1292,vieux,simulation,19,10
293,jeune,simulation,13,4
1293,vieux,simulation,19,10
294,jeune,simulation,12,3
1294,vieux,simulation,25,16
295,jeune,simulation,14,5
1295,vieux,simulation,20,11
296,jeune,simulation,14,5
1296,vieux,simulation,24,15
297,jeune,simulation,12,3
1297,vieux,simulation,19,10
298,jeune,simulation,13,4
1298,vieux,simulation,23,14
299,jeune,simulation,13,4
1299,vieux,simulation,28,19
300,jeune,simulation,14,5
1300,vieux,simulation,22,13
301,jeune,simulation,14,5
1301,vieux,simulation,19,10
302,jeune,simulation,14,5
1302,vieux,simulation,23,14
303,jeune,simulation,15,6
1303,vieux,simulation,23,14
304,jeune,simulation,15,6
1304,vieux,simulation,20,11
305,jeune,simulation,12,3
1305,vieux,simulation,22,13
306,jeune,simulation,14,5
1306,vieux,simulation,26,17
307,jeune,simulation,14,5
1307,vieux,simulation,26,17
308,jeune,simulation,14,5
1308,vieux,simulation,24,15
309,jeune,simulation,12,3
1309,vieux,simulation,19,10
310,jeune,simulation,13,4
1310,vieux,simulation,27,18
311,jeune,simulation,13,4
1311,vieux,simulation,25,16
312,jeune,simulation,12,3
1312,vieux,simulation,22,13
313,jeune,simulation,14,5
1313,vieux,simulation,20,11
314,jeune,simulation,12,3
1314,vieux,simulation,21,12
315,jeune,simulation,14,5
1315,vieux,simulation,30,21
316,jeune,simulation,10,1
1316,vieux,simulation,24,15
317,jeune,simulation,12,3
1317,vieux,simulation,29,20
318,jeune,simulation,13,4
1318,vieux,simulation,29,20
319,jeune,simulation,12,3
1319,vieux,simulation,27,18
320,jeune,simulation,14,5
1320,vieux,simulation,24,15
321,jeune,simulation,13,4
1321,vieux,simulation,27,18
322,jeune,simulation,14,5
1322,vieux,simulation,24,15
323,jeune,simulation,13,4
1323,vieux,simulation,24,15
324,jeune,simulation,15,6
1324,vieux,simulation,21,12
325,jeune,simulation,14,5
1325,vieux,simulation,27,18
326,jeune,simulation,11,2
1326,vieux,simulation,26,17
327,jeune,simulation,11,2
1327,vieux,simulation,22,13
328,jeune,simulation,13,4
1328,vieux,simulation,25,16
329,jeune,simulation,12,3
1329,vieux,simulation,20,11
330,jeune,simulation,13,4
1330,vieux,simulation,23,14
331,jeune,simulation,14,5
1331,vieux,simulation,23,14
332,jeune,simulation,13,4
1332,vieux,simulation,20,11
333,jeune,simulation,13,4
1333,vieux,simulation,20,11
334,jeune,simulation,12,3
1334,vieux,simulation,20,11
335,jeune,simulation,12,3
1335,vieux,simulation,23,14
336,jeune,simulation,12,3
1336,vieux,simulation,28,19
337,jeune,simulation,13,4
1337,vieux,simulation,24,15
338,jeune,simulation,13,4
1338,vieux,simulation,21,12
339,jeune,simulation,13,4
1339,vieux,simulation,24,15
340,jeune,simulation,12,3
1340,vieux,simulation,22,13
341,jeune,simulation,15,6
1341,vieux,simulation,19,10
342,jeune,simulation,14,5
1342,vieux,simulation,26,17
343,jeune,simulation,12,3
1343,vieux,simulation,25,16
344,jeune,simulation,12,3
1344,vieux,simulation,26,17
345,jeune,simulation,12,3
1345,vieux,simulation,24,15
346,jeune,simulation,10,1
1346,vieux,simulation,24,15
347,jeune,simulation,14,5
1347,vieux,simulation,24,15
348,jeune,simulation,12,3
1348,vieux,simulation,22,13
349,jeune,simulation,13,4
1349,vieux,simulation,25,16
350,jeune,simulation,12,3
1350,vieux,simulation,27,18
351,jeune,simulation,13,4
1351,vieux,simulation,27,18
352,jeune,simulation,12,3
1352,vieux,simulation,19,10
353,jeune,simulation,12,3
1353,vieux,simulation,29,20
354,jeune,simulation,12,3
1354,vieux,simulation,21,12
355,jeune,simulation,14,5
1355,vieux,simulation,22,13
356,jeune,simulation,14,5
1356,vieux,simulation,28,19
357,jeune,simulation,14,5
1357,vieux,simulation,19,10
358,jeune,simulation,13,4
1358,vieux,simulation,26,17
359,jeune,simulation,12,3
1359,vieux,simulation,19,10
360,jeune,simulation,11,2
1360,vieux,simulation,28,19
361,jeune,simulation,15,6
1361,vieux,simulation,24,15
362,jeune,simulation,11,2
1362,vieux,simulation,18,9
363,jeune,simulation,14,5
1363,vieux,simulation,21,12
364,jeune,simulation,14,5
1364,vieux,simulation,22,13
365,jeune,simulation,12,3
1365,vieux,simulation,21,12
366,jeune,simulation,15,6
1366,vieux,simulation,24,15
367,jeune,simulation,12,3
1367,vieux,simulation,17,8
368,jeune,simulation,13,4
1368,vieux,simulation,22,13
369,jeune,simulation,11,2
1369,vieux,simulation,27,18
370,jeune,simulation,14,5
1370,vieux,simulation,25,16
371,jeune,simulation,10,1
1371,vieux,simulation,18,9
372,jeune,simulation,14,5
1372,vieux,simulation,26,17
373,jeune,simulation,12,3
1373,vieux,simulation,25,16
374,jeune,simulation,14,5
1374,vieux,simulation,22,13
375,jeune,simulation,14,5
1375,vieux,simulation,21,12
376,jeune,simulation,13,4
1376,vieux,simulation,19,10
377,jeune,simulation,14,5
1377,vieux,simulation,24,15
378,jeune,simulation,13,4
1378,vieux,simulation,24,15
379,jeune,simulation,11,2
1379,vieux,simulation,26,17
380,jeune,simulation,11,2
1380,vieux,simulation,18,9
381,jeune,simulation,13,4
1381,vieux,simulation,17,8
382,jeune,simulation,14,5
1382,vieux,simulation,22,13
383,jeune,simulation,13,4
1383,vieux,simulation,21,12
384,jeune,simulation,15,6
1384,vieux,simulation,25,16
385,jeune,simulation,14,5
1385,vieux,simulation,25,16
386,jeune,simulation,11,2
1386,vieux,simulation,20,11
387,jeune,simulation,12,3
1387,vieux,simulation,24,15
388,jeune,simulation,15,6
1388,vieux,simulation,24,15
389,jeune,simulation,13,4
1389,vieux,simulation,25,16
390,jeune,simulation,13,4
1390,vieux,simulation,21,12
391,jeune,simulation,12,3
1391,vieux,simulation,20,11
392,jeune,simulation,12,3
1392,vieux,simulation,27,18
393,jeune,simulation,15,6
1393,vieux,simulation,27,18
394,jeune,simulation,13,4
1394,vieux,simulation,25,16
395,jeune,simulation,13,4
1395,vieux,simulation,26,17
396,jeune,simulation,13,4
1396,vieux,simulation,26,17
397,jeune,simulation,12,3
1397,vieux,simulation,25,16
398,jeune,simulation,11,2
1398,vieux,simulation,21,12
399,jeune,simulation,14,5
1399,vieux,simulation,18,9
400,jeune,simulation,12,3
1400,vieux,simulation,21,12
401,jeune,simulation,10,1
1401,vieux,simulation,20,11
402,jeune,simulation,14,5
1402,vieux,simulation,24,15
403,jeune,simulation,11,2
1403,vieux,simulation,19,10
404,jeune,simulation,12,3
1404,vieux,simulation,22,13
405,jeune,simulation,15,6
1405,vieux,simulation,24,15
406,jeune,simulation,12,3
1406,vieux,simulation,25,16
407,jeune,simulation,16,7
1407,vieux,simulation,22,13
408,jeune,simulation,13,4
1408,vieux,simulation,25,16
409,jeune,simulation,13,4
1409,vieux,simulation,26,17
410,jeune,simulation,12,3
1410,vieux,simulation,23,14
411,jeune,simulation,14,5
1411,vieux,simulation,25,16
412,jeune,simulation,11,2
1412,vieux,simulation,30,21
413,jeune,simulation,10,1
1413,vieux,simulation,27,18
414,jeune,simulation,14,5
1414,vieux,simulation,28,19
415,jeune,simulation,11,2
1415,vieux,simulation,25,16
416,jeune,simulation,12,3
1416,vieux,simulation,27,18
417,jeune,simulation,12,3
1417,vieux,simulation,22,13
418,jeune,simulation,12,3
1418,vieux,simulation,31,22
419,jeune,simulation,13,4
1419,vieux,simulation,20,11
420,jeune,simulation,13,4
1420,vieux,simulation,22,13
421,jeune,simulation,12,3
1421,vieux,simulation,18,9
422,jeune,simulation,13,4
1422,vieux,simulation,26,17
423,jeune,simulation,13,4
1423,vieux,simulation,21,12
424,jeune,simulation,12,3
1424,vieux,simulation,22,13
425,jeune,simulation,11,2
1425,vieux,simulation,26,17
426,jeune,simulation,12,3
1426,vieux,simulation,18,9
427,jeune,simulation,13,4
1427,vieux,simulation,20,11
428,jeune,simulation,12,3
1428,vieux,simulation,22,13
429,jeune,simulation,12,3
1429,vieux,simulation,22,13
430,jeune,simulation,14,5
1430,vieux,simulation,29,20
431,jeune,simulation,11,2
1431,vieux,simulation,25,16
432,jeune,simulation,13,4
1432,vieux,simulation,24,15
433,jeune,simulation,12,3
1433,vieux,simulation,25,16
434,jeune,simulation,13,4
1434,vieux,simulation,22,13
435,jeune,simulation,12,3
1435,vieux,simulation,24,15
436,jeune,simulation,14,5
1436,vieux,simulation,21,12
437,jeune,simulation,12,3
1437,vieux,simulation,20,11
438,jeune,simulation,12,3
1438,vieux,simulation,22,13
439,jeune,simulation,13,4
1439,vieux,simulation,29,20
440,jeune,simulation,13,4
1440,vieux,simulation,19,10
441,jeune,simulation,13,4
1441,vieux,simulation,23,14
442,jeune,simulation,14,5
1442,vieux,simulation,24,15
443,jeune,simulation,11,2
1443,vieux,simulation,26,17
444,jeune,simulation,13,4
1444,vieux,simulation,21,12
445,jeune,simulation,13,4
1445,vieux,simulation,20,11
446,jeune,simulation,13,4
1446,vieux,simulation,22,13
447,jeune,simulation,15,6
1447,vieux,simulation,19,10
448,jeune,simulation,11,2
1448,vieux,simulation,21,12
449,jeune,simulation,12,3
1449,vieux,simulation,23,14
450,jeune,simulation,13,4
1450,vieux,simulation,21,12
451,jeune,simulation,11,2
1451,vieux,simulation,20,11
452,jeune,simulation,13,4
1452,vieux,simulation,22,13
453,jeune,simulation,11,2
1453,vieux,simulation,22,13
454,jeune,simulation,12,3
1454,vieux,simulation,25,16
455,jeune,simulation,15,6
1455,vieux,simulation,22,13
456,jeune,simulation,13,4
1456,vieux,simulation,27,18
457,jeune,simulation,13,4
1457,vieux,simulation,22,13
458,jeune,simulation,12,3
1458,vieux,simulation,24,15
459,jeune,simulation,14,5
1459,vieux,simulation,27,18
460,jeune,simulation,14,5
1460,vieux,simulation,23,14
461,jeune,simulation,12,3
1461,vieux,simulation,21,12
462,jeune,simulation,14,5
1462,vieux,simulation,25,16
463,jeune,simulation,14,5
1463,vieux,simulation,26,17
464,jeune,simulation,11,2
1464,vieux,simulation,24,15
465,jeune,simulation,13,4
1465,vieux,simulation,22,13
466,jeune,simulation,13,4
1466,vieux,simulation,22,13
467,jeune,simulation,10,1
1467,vieux,simulation,24,15
468,jeune,simulation,11,2
1468,vieux,simulation,27,18
469,jeune,simulation,13,4
1469,vieux,simulation,27,18
470,jeune,simulation,12,3
1470,vieux,simulation,26,17
471,jeune,simulation,11,2
1471,vieux,simulation,25,16
472,jeune,simulation,13,4
1472,vieux,simulation,22,13
473,jeune,simulation,13,4
1473,vieux,simulation,18,9
474,jeune,simulation,14,5
1474,vieux,simulation,19,10
475,jeune,simulation,12,3
1475,vieux,simulation,20,11
476,jeune,simulation,13,4
1476,vieux,simulation,26,17
477,jeune,simulation,12,3
1477,vieux,simulation,20,11
478,jeune,simulation,11,2
1478,vieux,simulation,23,14
479,jeune,simulation,12,3
1479,vieux,simulation,18,9
480,jeune,simulation,10,1
1480,vieux,simulation,21,12
481,jeune,simulation,12,3
1481,vieux,simulation,25,16
482,jeune,simulation,14,5
1482,vieux,simulation,23,14
483,jeune,simulation,12,3
1483,vieux,simulation,22,13
484,jeune,simulation,12,3
1484,vieux,simulation,21,12
485,jeune,simulation,11,2
1485,vieux,simulation,27,18
486,jeune,simulation,12,3
1486,vieux,simulation,23,14
487,jeune,simulation,12,3
1487,vieux,simulation,26,17
488,jeune,simulation,13,4
1488,vieux,simulation,26,17
489,jeune,simulation,11,2
1489,vieux,simulation,27,18
490,jeune,simulation,15,6
1490,vieux,simulation,24,15
491,jeune,simulation,11,2
1491,vieux,simulation,25,16
492,jeune,simulation,14,5
1492,vieux,simulation,24,15
493,jeune,simulation,12,3
1493,vieux,simulation,21,12
494,jeune,simulation,12,3
1494,vieux,simulation,18,9
495,jeune,simulation,12,3
1495,vieux,simulation,24,15
496,jeune,simulation,11,2
1496,vieux,simulation,27,18
497,jeune,simulation,13,4
1497,vieux,simulation,24,15
498,jeune,simulation,12,3
1498,vieux,simulation,21,12
499,jeune,simulation,10,1
1499,vieux,simulation,21,12
500,jeune,simulation,14,5
1500,vieux,simulation,25,16
501,jeune,simulation,12,3
1501,vieux,simulation,27,18
502,jeune,simulation,11,2
1502,vieux,simulation,19,10
503,jeune,simulation,14,5
1503,vieux,simulation,23,14
504,jeune,simulation,12,3
1504,vieux,simulation,22,13
505,jeune,simulation,14,5
1505,vieux,simulation,20,11
506,jeune,simulation,13,4
1506,vieux,simulation,20,11
507,jeune,simulation,14,5
1507,vieux,simulation,18,9
508,jeune,simulation,13,4
1508,vieux,simulation,24,15
509,jeune,simulation,13,4
1509,vieux,simulation,27,18
510,jeune,simulation,13,4
1510,vieux,simulation,17,8
511,jeune,simulation,13,4
1511,vieux,simulation,19,10
512,jeune,simulation,12,3
1512,vieux,simulation,18,9
513,jeune,simulation,16,7
1513,vieux,simulation,20,11
514,jeune,simulation,13,4
1514,vieux,simulation,19,10
515,jeune,simulation,12,3
1515,vieux,simulation,24,15
516,jeune,simulation,14,5
1516,vieux,simulation,22,13
517,jeune,simulation,13,4
1517,vieux,simulation,26,17
518,jeune,simulation,11,2
1518,vieux,simulation,24,15
519,jeune,simulation,12,3
1519,vieux,simulation,22,13
520,jeune,simulation,12,3
1520,vieux,simulation,23,14
521,jeune,simulation,10,1
1521,vieux,simulation,19,10
522,jeune,simulation,14,5
1522,vieux,simulation,22,13
523,jeune,simulation,11,2
1523,vieux,simulation,25,16
524,jeune,simulation,13,4
1524,vieux,simulation,28,19
525,jeune,simulation,14,5
1525,vieux,simulation,23,14
526,jeune,simulation,12,3
1526,vieux,simulation,23,14
527,jeune,simulation,14,5
1527,vieux,simulation,22,13
528,jeune,simulation,15,6
1528,vieux,simulation,17,8
529,jeune,simulation,15,6
1529,vieux,simulation,27,18
530,jeune,simulation,10,1
1530,vieux,simulation,24,15
531,jeune,simulation,13,4
1531,vieux,simulation,29,20
532,jeune,simulation,11,2
1532,vieux,simulation,22,13
533,jeune,simulation,14,5
1533,vieux,simulation,24,15
534,jeune,simulation,13,4
1534,vieux,simulation,24,15
535,jeune,simulation,14,5
1535,vieux,simulation,25,16
536,jeune,simulation,11,2
1536,vieux,simulation,20,11
537,jeune,simulation,13,4
1537,vieux,simulation,24,15
538,jeune,simulation,12,3
1538,vieux,simulation,24,15
539,jeune,simulation,14,5
1539,vieux,simulation,24,15
540,jeune,simulation,14,5
1540,vieux,simulation,26,17
541,jeune,simulation,13,4
1541,vieux,simulation,20,11
542,jeune,simulation,11,2
1542,vieux,simulation,26,17
543,jeune,simulation,12,3
1543,vieux,simulation,24,15
544,jeune,simulation,13,4
1544,vieux,simulation,24,15
545,jeune,simulation,11,2
1545,vieux,simulation,20,11
546,jeune,simulation,13,4
1546,vieux,simulation,22,13
547,jeune,simulation,13,4
1547,vieux,simulation,21,12
548,jeune,simulation,15,6
1548,vieux,simulation,24,15
549,jeune,simulation,15,6
1549,vieux,simulation,26,17
550,jeune,simulation,13,4
1550,vieux,simulation,22,13
551,jeune,simulation,12,3
1551,vieux,simulation,24,15
552,jeune,simulation,10,1
1552,vieux,simulation,24,15
553,jeune,simulation,12,3
1553,vieux,simulation,24,15
554,jeune,simulation,13,4
1554,vieux,simulation,21,12
555,jeune,simulation,11,2
1555,vieux,simulation,19,10
556,jeune,simulation,12,3
1556,vieux,simulation,16,7
557,jeune,simulation,13,4
1557,vieux,simulation,17,8
558,jeune,simulation,11,2
1558,vieux,simulation,21,12
559,jeune,simulation,14,5
1559,vieux,simulation,17,8
560,jeune,simulation,13,4
1560,vieux,simulation,23,14
561,jeune,simulation,11,2
1561,vieux,simulation,27,18
562,jeune,simulation,11,2
1562,vieux,simulation,21,12
563,jeune,simulation,12,3
1563,vieux,simulation,24,15
564,jeune,simulation,12,3
1564,vieux,simulation,20,11
565,jeune,simulation,13,4
1565,vieux,simulation,27,18
566,jeune,simulation,16,7
1566,vieux,simulation,24,15
567,jeune,simulation,11,2
1567,vieux,simulation,23,14
568,jeune,simulation,14,5
1568,vieux,simulation,21,12
569,jeune,simulation,11,2
1569,vieux,simulation,21,12
570,jeune,simulation,13,4
1570,vieux,simulation,24,15
571,jeune,simulation,12,3
1571,vieux,simulation,27,18
572,jeune,simulation,13,4
1572,vieux,simulation,22,13
573,jeune,simulation,13,4
1573,vieux,simulation,26,17
574,jeune,simulation,13,4
1574,vieux,simulation,18,9
575,jeune,simulation,13,4
1575,vieux,simulation,19,10
576,jeune,simulation,12,3
1576,vieux,simulation,22,13
577,jeune,simulation,13,4
1577,vieux,simulation,31,22
578,jeune,simulation,15,6
1578,vieux,simulation,28,19
579,jeune,simulation,15,6
1579,vieux,simulation,27,18
580,jeune,simulation,12,3
1580,vieux,simulation,19,10
581,jeune,simulation,11,2
1581,vieux,simulation,27,18
582,jeune,simulation,12,3
1582,vieux,simulation,18,9
583,jeune,simulation,13,4
1583,vieux,simulation,25,16
584,jeune,simulation,14,5
1584,vieux,simulation,24,15
585,jeune,simulation,14,5
1585,vieux,simulation,24,15
586,jeune,simulation,11,2
1586,vieux,simulation,20,11
587,jeune,simulation,14,5
1587,vieux,simulation,22,13
588,jeune,simulation,14,5
1588,vieux,simulation,25,16
589,jeune,simulation,13,4
1589,vieux,simulation,25,16
590,jeune,simulation,13,4
1590,vieux,simulation,20,11
591,jeune,simulation,13,4
1591,vieux,simulation,22,13
592,jeune,simulation,14,5
1592,vieux,simulation,28,19
593,jeune,simulation,12,3
1593,vieux,simulation,19,10
594,jeune,simulation,15,6
1594,vieux,simulation,27,18
595,jeune,simulation,13,4
1595,vieux,simulation,20,11
596,jeune,simulation,15,6
1596,vieux,simulation,21,12
597,jeune,simulation,14,5
1597,vieux,simulation,23,14
598,jeune,simulation,12,3
1598,vieux,simulation,22,13
599,jeune,simulation,15,6
1599,vieux,simulation,32,23
600,jeune,simulation,14,5
1600,vieux,simulation,20,11
601,jeune,simulation,13,4
1601,vieux,simulation,20,11
602,jeune,simulation,14,5
1602,vieux,simulation,27,18
603,jeune,simulation,13,4
1603,vieux,simulation,28,19
604,jeune,simulation,14,5
1604,vieux,simulation,21,12
605,jeune,simulation,12,3
1605,vieux,simulation,24,15
606,jeune,simulation,13,4
1606,vieux,simulation,17,8
607,jeune,simulation,12,3
1607,vieux,simulation,23,14
608,jeune,simulation,14,5
1608,vieux,simulation,28,19
609,jeune,simulation,13,4
1609,vieux,simulation,26,17
610,jeune,simulation,14,5
1610,vieux,simulation,24,15
611,jeune,simulation,13,4
1611,vieux,simulation,24,15
612,jeune,simulation,14,5
1612,vieux,simulation,22,13
613,jeune,simulation,13,4
1613,vieux,simulation,24,15
614,jeune,simulation,14,5
1614,vieux,simulation,24,15
615,jeune,simulation,15,6
1615,vieux,simulation,29,20
616,jeune,simulation,11,2
1616,vieux,simulation,29,20
617,jeune,simulation,12,3
1617,vieux,simulation,24,15
618,jeune,simulation,12,3
1618,vieux,simulation,26,17
619,jeune,simulation,12,3
1619,vieux,simulation,22,13
620,jeune,simulation,14,5
1620,vieux,simulation,24,15
621,jeune,simulation,12,3
1621,vieux,simulation,24,15
622,jeune,simulation,12,3
1622,vieux,simulation,21,12
623,jeune,simulation,14,5
1623,vieux,simulation,26,17
624,jeune,simulation,13,4
1624,vieux,simulation,22,13
625,jeune,simulation,14,5
1625,vieux,simulation,23,14
626,jeune,simulation,10,1
1626,vieux,simulation,21,12
627,jeune,simulation,12,3
1627,vieux,simulation,25,16
628,jeune,simulation,12,3
1628,vieux,simulation,26,17
629,jeune,simulation,12,3
1629,vieux,simulation,22,13
630,jeune,simulation,15,6
1630,vieux,simulation,22,13
631,jeune,simulation,12,3
1631,vieux,simulation,27,18
632,jeune,simulation,14,5
1632,vieux,simulation,27,18
633,jeune,simulation,12,3
1633,vieux,simulation,26,17
634,jeune,simulation,12,3
1634,vieux,simulation,23,14
635,jeune,simulation,12,3
1635,vieux,simulation,27,18
636,jeune,simulation,14,5
1636,vieux,simulation,29,20
637,jeune,simulation,12,3
1637,vieux,simulation,27,18
638,jeune,simulation,13,4
1638,vieux,simulation,21,12
639,jeune,simulation,12,3
1639,vieux,simulation,21,12
640,jeune,simulation,16,7
1640,vieux,simulation,25,16
641,jeune,simulation,12,3
1641,vieux,simulation,26,17
642,jeune,simulation,13,4
1642,vieux,simulation,25,16
643,jeune,simulation,13,4
1643,vieux,simulation,23,14
644,jeune,simulation,12,3
1644,vieux,simulation,21,12
645,jeune,simulation,11,2
1645,vieux,simulation,21,12
646,jeune,simulation,12,3
1646,vieux,simulation,26,17
647,jeune,simulation,14,5
1647,vieux,simulation,23,14
648,jeune,simulation,13,4
1648,vieux,simulation,22,13
649,jeune,simulation,14,5
1649,vieux,simulation,27,18
650,jeune,simulation,14,5
1650,vieux,simulation,25,16
651,jeune,simulation,12,3
1651,vieux,simulation,28,19
652,jeune,simulation,13,4
1652,vieux,simulation,21,12
653,jeune,simulation,12,3
1653,vieux,simulation,23,14
654,jeune,simulation,15,6
1654,vieux,simulation,29,20
655,jeune,simulation,11,2
1655,vieux,simulation,18,9
656,jeune,simulation,12,3
1656,vieux,simulation,26,17
657,jeune,simulation,11,2
1657,vieux,simulation,29,20
658,jeune,simulation,12,3
1658,vieux,simulation,26,17
659,jeune,simulation,11,2
1659,vieux,simulation,24,15
660,jeune,simulation,13,4
1660,vieux,simulation,24,15
661,jeune,simulation,14,5
1661,vieux,simulation,20,11
662,jeune,simulation,14,5
1662,vieux,simulation,27,18
663,jeune,simulation,13,4
1663,vieux,simulation,15,6
664,jeune,simulation,11,2
1664,vieux,simulation,25,16
665,jeune,simulation,14,5
1665,vieux,simulation,25,16
666,jeune,simulation,13,4
1666,vieux,simulation,26,17
667,jeune,simulation,12,3
1667,vieux,simulation,21,12
668,jeune,simulation,12,3
1668,vieux,simulation,30,21
669,jeune,simulation,15,6
1669,vieux,simulation,20,11
670,jeune,simulation,13,4
1670,vieux,simulation,27,18
671,jeune,simulation,11,2
1671,vieux,simulation,27,18
672,jeune,simulation,14,5
1672,vieux,simulation,25,16
673,jeune,simulation,12,3
1673,vieux,simulation,20,11
674,jeune,simulation,11,2
1674,vieux,simulation,17,8
675,jeune,simulation,12,3
1675,vieux,simulation,20,11
676,jeune,simulation,12,3
1676,vieux,simulation,24,15
677,jeune,simulation,12,3
1677,vieux,simulation,22,13
678,jeune,simulation,13,4
1678,vieux,simulation,26,17
679,jeune,simulation,13,4
1679,vieux,simulation,26,17
680,jeune,simulation,10,1
1680,vieux,simulation,22,13
681,jeune,simulation,14,5
1681,vieux,simulation,20,11
682,jeune,simulation,14,5
1682,vieux,simulation,25,16
683,jeune,simulation,15,6
1683,vieux,simulation,18,9
684,jeune,simulation,14,5
1684,vieux,simulation,24,15
685,jeune,simulation,14,5
1685,vieux,simulation,21,12
686,jeune,simulation,12,3
1686,vieux,simulation,22,13
687,jeune,simulation,14,5
1687,vieux,simulation,21,12
688,jeune,simulation,11,2
1688,vieux,simulation,16,7
689,jeune,simulation,13,4
1689,vieux,simulation,24,15
690,jeune,simulation,14,5
1690,vieux,simulation,22,13
691,jeune,simulation,13,4
1691,vieux,simulation,20,11
692,jeune,simulation,12,3
1692,vieux,simulation,27,18
693,jeune,simulation,13,4
1693,vieux,simulation,27,18
694,jeune,simulation,15,6
1694,vieux,simulation,24,15
695,jeune,simulation,13,4
1695,vieux,simulation,25,16
696,jeune,simulation,13,4
1696,vieux,simulation,20,11
697,jeune,simulation,13,4
1697,vieux,simulation,23,14
698,jeune,simulation,14,5
1698,vieux,simulation,28,19
699,jeune,simulation,11,2
1699,vieux,simulation,23,14
700,jeune,simulation,10,1
1700,vieux,simulation,22,13
701,jeune,simulation,13,4
1701,vieux,simulation,21,12
702,jeune,simulation,15,6
1702,vieux,simulation,25,16
703,jeune,simulation,12,3
1703,vieux,simulation,23,14
704,jeune,simulation,12,3
1704,vieux,simulation,28,19
705,jeune,simulation,12,3
1705,vieux,simulation,25,16
706,jeune,simulation,12,3
1706,vieux,simulation,22,13
707,jeune,simulation,12,3
1707,vieux,simulation,22,13
708,jeune,simulation,13,4
1708,vieux,simulation,28,19
709,jeune,simulation,12,3
1709,vieux,simulation,21,12
710,jeune,simulation,13,4
1710,vieux,simulation,23,14
711,jeune,simulation,12,3
1711,vieux,simulation,19,10
712,jeune,simulation,12,3
1712,vieux,simulation,21,12
713,jeune,simulation,11,2
1713,vieux,simulation,23,14
714,jeune,simulation,13,4
1714,vieux,simulation,21,12
715,jeune,simulation,11,2
1715,vieux,simulation,28,19
716,jeune,simulation,12,3
1716,vieux,simulation,25,16
717,jeune,simulation,12,3
1717,vieux,simulation,25,16
718,jeune,simulation,13,4
1718,vieux,simulation,27,18
719,jeune,simulation,13,4
1719,vieux,simulation,20,11
720,jeune,simulation,12,3
1720,vieux,simulation,25,16
721,jeune,simulation,11,2
1721,vieux,simulation,23,14
722,jeune,simulation,13,4
1722,vieux,simulation,15,6
723,jeune,simulation,11,2
1723,vieux,simulation,24,15
724,jeune,simulation,10,1
1724,vieux,simulation,21,12
725,jeune,simulation,11,2
1725,vieux,simulation,17,8
726,jeune,simulation,12,3
1726,vieux,simulation,24,15
727,jeune,simulation,14,5
1727,vieux,simulation,24,15
728,jeune,simulation,12,3
1728,vieux,simulation,20,11
729,jeune,simulation,13,4
1729,vieux,simulation,17,8
730,jeune,simulation,12,3
1730,vieux,simulation,26,17
731,jeune,simulation,10,1
1731,vieux,simulation,26,17
732,jeune,simulation,11,2
1732,vieux,simulation,21,12
733,jeune,simulation,11,2
1733,vieux,simulation,15,6
734,jeune,simulation,12,3
1734,vieux,simulation,20,11
735,jeune,simulation,12,3
1735,vieux,simulation,27,18
736,jeune,simulation,13,4
1736,vieux,simulation,26,17
737,jeune,simulation,14,5
1737,vieux,simulation,18,9
738,jeune,simulation,12,3
1738,vieux,simulation,18,9
739,jeune,simulation,13,4
1739,vieux,simulation,20,11
740,jeune,simulation,13,4
1740,vieux,simulation,30,21
741,jeune,simulation,15,6
1741,vieux,simulation,19,10
742,jeune,simulation,13,4
1742,vieux,simulation,27,18
743,jeune,simulation,13,4
1743,vieux,simulation,22,13
744,jeune,simulation,11,2
1744,vieux,simulation,24,15
745,jeune,simulation,13,4
1745,vieux,simulation,29,20
746,jeune,simulation,12,3
1746,vieux,simulation,23,14
747,jeune,simulation,13,4
1747,vieux,simulation,21,12
748,jeune,simulation,15,6
1748,vieux,simulation,24,15
749,jeune,simulation,12,3
1749,vieux,simulation,22,13
750,jeune,simulation,15,6
1750,vieux,simulation,18,9
751,jeune,simulation,11,2
1751,vieux,simulation,26,17
752,jeune,simulation,11,2
1752,vieux,simulation,21,12
753,jeune,simulation,13,4
1753,vieux,simulation,28,19
754,jeune,simulation,14,5
1754,vieux,simulation,22,13
755,jeune,simulation,13,4
1755,vieux,simulation,24,15
756,jeune,simulation,15,6
1756,vieux,simulation,20,11
757,jeune,simulation,12,3
1757,vieux,simulation,22,13
758,jeune,simulation,12,3
1758,vieux,simulation,23,14
759,jeune,simulation,13,4
1759,vieux,simulation,15,6
760,jeune,simulation,10,1
1760,vieux,simulation,26,17
761,jeune,simulation,14,5
1761,vieux,simulation,26,17
762,jeune,simulation,15,6
1762,vieux,simulation,24,15
763,jeune,simulation,15,6
1763,vieux,simulation,20,11
764,jeune,simulation,14,5
1764,vieux,simulation,26,17
765,jeune,simulation,14,5
1765,vieux,simulation,22,13
766,jeune,simulation,13,4
1766,vieux,simulation,21,12
767,jeune,simulation,13,4
1767,vieux,simulation,25,16
768,jeune,simulation,13,4
1768,vieux,simulation,27,18
769,jeune,simulation,12,3
1769,vieux,simulation,19,10
770,jeune,simulation,13,4
1770,vieux,simulation,23,14
771,jeune,simulation,12,3
1771,vieux,simulation,25,16
772,jeune,simulation,12,3
1772,vieux,simulation,27,18
773,jeune,simulation,13,4
1773,vieux,simulation,29,20
774,jeune,simulation,14,5
1774,vieux,simulation,24,15
775,jeune,simulation,10,1
1775,vieux,simulation,26,17
776,jeune,simulation,16,7
1776,vieux,simulation,29,20
777,jeune,simulation,13,4
1777,vieux,simulation,21,12
778,jeune,simulation,11,2
1778,vieux,simulation,24,15
779,jeune,simulation,15,6
1779,vieux,simulation,29,20
780,jeune,simulation,13,4
1780,vieux,simulation,23,14
781,jeune,simulation,13,4
1781,vieux,simulation,17,8
782,jeune,simulation,12,3
1782,vieux,simulation,18,9
783,jeune,simulation,12,3
1783,vieux,simulation,20,11
784,jeune,simulation,12,3
1784,vieux,simulation,24,15
785,jeune,simulation,11,2
1785,vieux,simulation,25,16
786,jeune,simulation,13,4
1786,vieux,simulation,18,9
787,jeune,simulation,12,3
1787,vieux,simulation,21,12
788,jeune,simulation,12,3
1788,vieux,simulation,21,12
789,jeune,simulation,12,3
1789,vieux,simulation,21,12
790,jeune,simulation,10,1
1790,vieux,simulation,25,16
791,jeune,simulation,14,5
1791,vieux,simulation,24,15
792,jeune,simulation,13,4
1792,vieux,simulation,26,17
793,jeune,simulation,13,4
1793,vieux,simulation,30,21
794,jeune,simulation,14,5
1794,vieux,simulation,25,16
795,jeune,simulation,13,4
1795,vieux,simulation,23,14
796,jeune,simulation,14,5
1796,vieux,simulation,28,19
797,jeune,simulation,13,4
1797,vieux,simulation,27,18
798,jeune,simulation,14,5
1798,vieux,simulation,20,11
799,jeune,simulation,14,5
1799,vieux,simulation,28,19
800,jeune,simulation,15,6
1800,vieux,simulation,23,14
801,jeune,simulation,11,2
1801,vieux,simulation,21,12
802,jeune,simulation,11,2
1802,vieux,simulation,19,10
803,jeune,simulation,12,3
1803,vieux,simulation,22,13
804,jeune,simulation,12,3
1804,vieux,simulation,26,17
805,jeune,simulation,15,6
1805,vieux,simulation,26,17
806,jeune,simulation,13,4
1806,vieux,simulation,20,11
807,jeune,simulation,16,7
1807,vieux,simulation,28,19
808,jeune,simulation,11,2
1808,vieux,simulation,27,18
809,jeune,simulation,15,6
1809,vieux,simulation,30,21
810,jeune,simulation,14,5
1810,vieux,simulation,20,11
811,jeune,simulation,12,3
1811,vieux,simulation,23,14
812,jeune,simulation,12,3
1812,vieux,simulation,21,12
813,jeune,simulation,13,4
1813,vieux,simulation,24,15
814,jeune,simulation,13,4
1814,vieux,simulation,23,14
815,jeune,simulation,12,3
1815,vieux,simulation,26,17
816,jeune,simulation,15,6
1816,vieux,simulation,24,15
817,jeune,simulation,10,1
1817,vieux,simulation,25,16
818,jeune,simulation,13,4
1818,vieux,simulation,23,14
819,jeune,simulation,12,3
1819,vieux,simulation,21,12
820,jeune,simulation,13,4
1820,vieux,simulation,30,21
821,jeune,simulation,13,4
1821,vieux,simulation,24,15
822,jeune,simulation,15,6
1822,vieux,simulation,23,14
823,jeune,simulation,14,5
1823,vieux,simulation,23,14
824,jeune,simulation,12,3
1824,vieux,simulation,23,14
825,jeune,simulation,13,4
1825,vieux,simulation,18,9
826,jeune,simulation,12,3
1826,vieux,simulation,21,12
827,jeune,simulation,11,2
1827,vieux,simulation,24,15
828,jeune,simulation,11,2
1828,vieux,simulation,27,18
829,jeune,simulation,14,5
1829,vieux,simulation,18,9
830,jeune,simulation,11,2
1830,vieux,simulation,22,13
831,jeune,simulation,14,5
1831,vieux,simulation,18,9
832,jeune,simulation,11,2
1832,vieux,simulation,21,12
833,jeune,simulation,14,5
1833,vieux,simulation,17,8
834,jeune,simulation,14,5
1834,vieux,simulation,28,19
835,jeune,simulation,14,5
1835,vieux,simulation,25,16
836,jeune,simulation,13,4
1836,vieux,simulation,24,15
837,jeune,simulation,12,3
1837,vieux,simulation,22,13
838,jeune,simulation,12,3
1838,vieux,simulation,23,14
839,jeune,simulation,12,3
1839,vieux,simulation,23,14
840,jeune,simulation,13,4
1840,vieux,simulation,21,12
841,jeune,simulation,11,2
1841,vieux,simulation,22,13
842,jeune,simulation,12,3
1842,vieux,simulation,22,13
843,jeune,simulation,13,4
1843,vieux,simulation,21,12
844,jeune,simulation,12,3
1844,vieux,simulation,27,18
845,jeune,simulation,13,4
1845,vieux,simulation,20,11
846,jeune,simulation,14,5
1846,vieux,simulation,18,9
847,jeune,simulation,13,4
1847,vieux,simulation,25,16
848,jeune,simulation,13,4
1848,vieux,simulation,24,15
849,jeune,simulation,13,4
1849,vieux,simulation,26,17
850,jeune,simulation,14,5
1850,vieux,simulation,24,15
851,jeune,simulation,13,4
1851,vieux,simulation,26,17
852,jeune,simulation,14,5
1852,vieux,simulation,29,20
853,jeune,simulation,15,6
1853,vieux,simulation,19,10
854,jeune,simulation,12,3
1854,vieux,simulation,26,17
855,jeune,simulation,15,6
1855,vieux,simulation,24,15
856,jeune,simulation,12,3
1856,vieux,simulation,25,16
857,jeune,simulation,12,3
1857,vieux,simulation,27,18
858,jeune,simulation,14,5
1858,vieux,simulation,21,12
859,jeune,simulation,16,7
1859,vieux,simulation,21,12
860,jeune,simulation,12,3
1860,vieux,simulation,20,11
861,jeune,simulation,12,3
1861,vieux,simulation,23,14
862,jeune,simulation,13,4
1862,vieux,simulation,21,12
863,jeune,simulation,12,3
1863,vieux,simulation,18,9
864,jeune,simulation,15,6
1864,vieux,simulation,24,15
865,jeune,simulation,13,4
1865,vieux,simulation,23,14
866,jeune,simulation,11,2
1866,vieux,simulation,25,16
867,jeune,simulation,12,3
1867,vieux,simulation,23,14
868,jeune,simulation,11,2
1868,vieux,simulation,17,8
869,jeune,simulation,16,7
1869,vieux,simulation,26,17
870,jeune,simulation,15,6
1870,vieux,simulation,23,14
871,jeune,simulation,13,4
1871,vieux,simulation,27,18
872,jeune,simulation,16,7
1872,vieux,simulation,27,18
873,jeune,simulation,12,3
1873,vieux,simulation,32,23
874,jeune,simulation,13,4
1874,vieux,simulation,19,10
875,jeune,simulation,10,1
1875,vieux,simulation,22,13
876,jeune,simulation,13,4
1876,vieux,simulation,18,9
877,jeune,simulation,14,5
1877,vieux,simulation,27,18
878,jeune,simulation,15,6
1878,vieux,simulation,24,15
879,jeune,simulation,13,4
1879,vieux,simulation,25,16
880,jeune,simulation,14,5
1880,vieux,simulation,20,11
881,jeune,simulation,9,0
1881,vieux,simulation,21,12
882,jeune,simulation,13,4
1882,vieux,simulation,27,18
883,jeune,simulation,9,0
1883,vieux,simulation,24,15
884,jeune,simulation,9,0
1884,vieux,simulation,21,12
885,jeune,simulation,14,5
1885,vieux,simulation,21,12
886,jeune,simulation,16,7
1886,vieux,simulation,24,15
887,jeune,simulation,14,5
1887,vieux,simulation,26,17
888,jeune,simulation,13,4
1888,vieux,simulation,22,13
889,jeune,simulation,13,4
1889,vieux,simulation,28,19
890,jeune,simulation,11,2
1890,vieux,simulation,19,10
891,jeune,simulation,15,6
1891,vieux,simulation,23,14
892,jeune,simulation,10,1
1892,vieux,simulation,26,17
893,jeune,simulation,14,5
1893,vieux,simulation,29,20
894,jeune,simulation,10,1
1894,vieux,simulation,26,17
895,jeune,simulation,13,4
1895,vieux,simulation,23,14
896,jeune,simulation,13,4
1896,vieux,simulation,27,18
897,jeune,simulation,14,5
1897,vieux,simulation,19,10
898,jeune,simulation,12,3
1898,vieux,simulation,25,16
899,jeune,simulation,14,5
1899,vieux,simulation,24,15
900,jeune,simulation,12,3
1900,vieux,simulation,24,15
901,jeune,simulation,12,3
1901,vieux,simulation,26,17
902,jeune,simulation,14,5
1902,vieux,simulation,19,10
903,jeune,simulation,15,6
1903,vieux,simulation,22,13
904,jeune,simulation,14,5
1904,vieux,simulation,17,8
905,jeune,simulation,12,3
1905,vieux,simulation,28,19
906,jeune,simulation,14,5
1906,vieux,simulation,22,13
907,jeune,simulation,12,3
1907,vieux,simulation,24,15
908,jeune,simulation,12,3
1908,vieux,simulation,24,15
909,jeune,simulation,12,3
1909,vieux,simulation,28,19
910,jeune,simulation,13,4
1910,vieux,simulation,22,13
911,jeune,simulation,12,3
1911,vieux,simulation,24,15
912,jeune,simulation,12,3
1912,vieux,simulation,22,13
913,jeune,simulation,12,3
1913,vieux,simulation,24,15
914,jeune,simulation,11,2
1914,vieux,simulation,23,14
915,jeune,simulation,16,7
1915,vieux,simulation,29,20
916,jeune,simulation,14,5
1916,vieux,simulation,24,15
917,jeune,simulation,12,3
1917,vieux,simulation,29,20
918,jeune,simulation,13,4
1918,vieux,simulation,27,18
919,jeune,simulation,12,3
1919,vieux,simulation,23,14
920,jeune,simulation,11,2
1920,vieux,simulation,24,15
921,jeune,simulation,13,4
1921,vieux,simulation,22,13
922,jeune,simulation,13,4
1922,vieux,simulation,16,7
923,jeune,simulation,12,3
1923,vieux,simulation,29,20
924,jeune,simulation,15,6
1924,vieux,simulation,26,17
925,jeune,simulation,12,3
1925,vieux,simulation,21,12
926,jeune,simulation,10,1
1926,vieux,simulation,21,12
927,jeune,simulation,14,5
1927,vieux,simulation,25,16
928,jeune,simulation,14,5
1928,vieux,simulation,25,16
929,jeune,simulation,12,3
1929,vieux,simulation,22,13
930,jeune,simulation,13,4
1930,vieux,simulation,20,11
931,jeune,simulation,14,5
1931,vieux,simulation,26,17
932,jeune,simulation,12,3
1932,vieux,simulation,20,11
933,jeune,simulation,15,6
1933,vieux,simulation,25,16
934,jeune,simulation,14,5
1934,vieux,simulation,23,14
935,jeune,simulation,12,3
1935,vieux,simulation,18,9
936,jeune,simulation,13,4
1936,vieux,simulation,25,16
937,jeune,simulation,14,5
1937,vieux,simulation,28,19
938,jeune,simulation,13,4
1938,vieux,simulation,22,13
939,jeune,simulation,13,4
1939,vieux,simulation,22,13
940,jeune,simulation,13,4
1940,vieux,simulation,21,12
941,jeune,simulation,15,6
1941,vieux,simulation,25,16
942,jeune,simulation,14,5
1942,vieux,simulation,21,12
943,jeune,simulation,14,5
1943,vieux,simulation,25,16
944,jeune,simulation,12,3
1944,vieux,simulation,23,14
945,jeune,simulation,12,3
1945,vieux,simulation,25,16
946,jeune,simulation,11,2
1946,vieux,simulation,31,22
947,jeune,simulation,14,5
1947,vieux,simulation,21,12
948,jeune,simulation,15,6
1948,vieux,simulation,20,11
949,jeune,simulation,13,4
1949,vieux,simulation,21,12
950,jeune,simulation,15,6
1950,vieux,simulation,22,13
951,jeune,simulation,14,5
1951,vieux,simulation,26,17
952,jeune,simulation,13,4
1952,vieux,simulation,27,18
953,jeune,simulation,13,4
1953,vieux,simulation,18,9
954,jeune,simulation,12,3
1954,vieux,simulation,25,16
955,jeune,simulation,12,3
1955,vieux,simulation,25,16
956,jeune,simulation,12,3
1956,vieux,simulation,20,11
957,jeune,simulation,15,6
1957,vieux,simulation,23,14
958,jeune,simulation,11,2
1958,vieux,simulation,21,12
959,jeune,simulation,11,2
1959,vieux,simulation,24,15
960,jeune,simulation,12,3
1960,vieux,simulation,22,13
961,jeune,simulation,12,3
1961,vieux,simulation,26,17
962,jeune,simulation,14,5
1962,vieux,simulation,20,11
963,jeune,simulation,12,3
1963,vieux,simulation,25,16
964,jeune,simulation,13,4
1964,vieux,simulation,28,19
965,jeune,simulation,12,3
1965,vieux,simulation,20,11
966,jeune,simulation,13,4
1966,vieux,simulation,23,14
967,jeune,simulation,12,3
1967,vieux,simulation,28,19
968,jeune,simulation,13,4
1968,vieux,simulation,23,14
969,jeune,simulation,14,5
1969,vieux,simulation,22,13
970,jeune,simulation,11,2
1970,vieux,simulation,30,21
971,jeune,simulation,13,4
1971,vieux,simulation,27,18
972,jeune,simulation,14,5
1972,vieux,simulation,25,16
973,jeune,simulation,15,6
1973,vieux,simulation,24,15
974,jeune,simulation,12,3
1974,vieux,simulation,29,20
975,jeune,simulation,12,3
1975,vieux,simulation,19,10
976,jeune,simulation,12,3
1976,vieux,simulation,25,16
977,jeune,simulation,12,3
1977,vieux,simulation,21,12
978,jeune,simulation,14,5
1978,vieux,simulation,24,15
979,jeune,simulation,12,3
1979,vieux,simulation,23,14
980,jeune,simulation,13,4
1980,vieux,simulation,28,19
981,jeune,simulation,11,2
1981,vieux,simulation,24,15
982,jeune,simulation,12,3
1982,vieux,simulation,21,12
983,jeune,simulation,13,4
1983,vieux,simulation,20,11
984,jeune,simulation,11,2
1984,vieux,simulation,28,19
985,jeune,simulation,13,4
1985,vieux,simulation,25,16
986,jeune,simulation,12,3
1986,vieux,simulation,25,16
987,jeune,simulation,12,3
1987,vieux,simulation,26,17
988,jeune,simulation,11,2
1988,vieux,simulation,25,16
989,jeune,simulation,14,5
1989,vieux,simulation,27,18
990,jeune,simulation,12,3
1990,vieux,simulation,18,9
991,jeune,simulation,13,4
1991,vieux,simulation,24,15
992,jeune,simulation,15,6
1992,vieux,simulation,23,14
993,jeune,simulation,10,1
1993,vieux,simulation,23,14
994,jeune,simulation,11,2
1994,vieux,simulation,23,14
995,jeune,simulation,13,4
1995,vieux,simulation,25,16
996,jeune,simulation,13,4
1996,vieux,simulation,24,15
997,jeune,simulation,10,1
1997,vieux,simulation,21,12
998,jeune,simulation,14,5
1998,vieux,simulation,20,11
999,jeune,simulation,13,4
1999,vieux,simulation,20,11
1000,jeune,simulation,9,0
2000,vieux,simulation,21,12
1001,jeune,simulation,14,5
2001,vieux,simulation,26,17
1002,jeune,simulation,12,3
2002,vieux,simulation,27,18
1003,jeune,simulation,13,4
2003,vieux,simulation,24,15
1004,jeune,simulation,13,4
2004,vieux,simulation,22,13
1005,jeune,simulation,12,3
2005,vieux,simulation,23,14
1006,jeune,simulation,13,4
2006,vieux,simulation,23,14
1007,jeune,simulation,13,4
2007,vieux,simulation,16,7
1008,jeune,simulation,12,3
2008,vieux,simulation,22,13
1009,jeune,simulation,14,5
2009,vieux,simulation,18,9
1010,jeune,simulation,12,3
2010,vieux,simulation,24,15
1011,jeune,simulation,13,4
2011,vieux,simulation,24,15
1012,jeune,simulation,12,3
2012,vieux,simulation,22,13
1013,jeune,simulation,15,6
2013,vieux,simulation,29,20
1014,jeune,simulation,14,5
2014,vieux,simulation,23,14
